<?xml version="1.0" encoding="UTF-8"?>
<!DOCTYPE mapper PUBLIC "-//mybatis.org//DTD Mapper 3.0//EN" "http://mybatis.org/dtd/mybatis-3-mapper.dtd">
<mapper namespace="com.cqut.mapper.ResourceRoleMapper">
    <resultMap id="BaseResultMap" type="com.cqut.entity.entity.ResourceRole">
        <constructor>
            <arg column="role_id" javaType="java.lang.String" jdbcType="VARCHAR"/>
            <arg column="resource_id" javaType="java.lang.String" jdbcType="VARCHAR"/>
        </constructor>
    </resultMap>

    <insert id="insert" parameterType="com.cqut.entity.entity.ResourceRole">
        insert into sys_resource_role (role_id, resource_id)
        values (#{roleId,jdbcType=VARCHAR}, #{resourceId,jdbcType=VARCHAR})
    </insert>

    <select id="selectAll" resultMap="BaseResultMap">
        select role_id, resource_id
        from sys_resource_role
    </select>
</mapper>