<?xml version="1.0" encoding="UTF-8"?>
<!DOCTYPE mapper PUBLIC "-//mybatis.org//DTD Mapper 3.0//EN" "http://mybatis.org/dtd/mybatis-3-mapper.dtd">
<mapper namespace="com.cqut.mapper.UserRoleMapper">
    <resultMap id="BaseResultMap" type="com.cqut.entity.entity.UserRole">
        <constructor>
            <arg column="user_id" javaType="java.lang.String" jdbcType="VARCHAR"/>
            <arg column="role_id" javaType="java.lang.String" jdbcType="VARCHAR"/>
        </constructor>
    </resultMap>

    <insert id="insert" parameterType="com.cqut.entity.entity.UserRole">
        insert into sys_user_role (user_id, role_id)
        values (#{userId,jdbcType=VARCHAR}, #{roleId,jdbcType=VARCHAR})
    </insert>

    <update id="update" parameterType="com.cqut.entity.entity.UserRole">
        UPDATE sys_user_role SET role_id = #{roleId,jdbcType=VARCHAR} WHERE user_id = #{userId, jdbcType = VARCHAR}
    </update>

    <select id="selectAll" resultMap="BaseResultMap">
        select user_id, role_id
        from sys_user_role
    </select>

    <delete id="deleteUserRole">
        DELETE FROM `sys_user_role` WHERE user_id = #{userId, jdbcType = VARCHAR}
    </delete>

    <delete id="deleteRoleUser">
        DELETE FROM `sys_user_role` WHERE role_id = #{roleId, jdbcType = VARCHAR}
    </delete>

    <select id="findUserRole" resultType="Integer">
        SELECT count(*) FROM sys_user_role WHERE user_id = #{userId, jdbcType = VARCHAR}
    </select>
</mapper>